"metric","score","standard_error","weight","weighted_contribution","percent_contribution"
"standards",1,0,0.166666666666667,0.166666666666667,23.0550039036198
"provenance",0.921454717046015,2.27692889763448e-05,0.166666666666667,0.153575786174336,21.2441420985047
"accessibility",0.78136915416409,0.000667656365345907,0.166666666666667,0.130228192360682,18.0144688994212
"temporal",0.702549219638023,0.0387417696639849,0.166666666666667,0.117091536606337,16.1972750012396
"concept_diversity",0.580906669356454,0.105831093829061,0.166666666666667,0.0968177782260757,13.3928055296518
"source_diversity",0.351173419939943,0.0428202313582593,0.166666666666667,0.0585289033233239,8.0963045675629
