"metric","score","standard_error","weight","weighted_contribution","percent_contribution"
"standards",1,0,0.166666666666667,0.166666666666667,23.1228198162924
"provenance",0.921851332315654,2.78573055187694e-05,0.166666666666667,0.153641888719276,21.3158022545439
"accessibility",0.78188061039791,0.000826939200619406,0.166666666666667,0.130313435066318,18.0792844720836
"temporal",0.683327676172496,0.0459069775787084,0.166666666666667,0.113887946028749,15.8004627316224
"concept_diversity",0.586499013513901,0.105513850912632,0.166666666666667,0.0977498355856502,13.5615110119152
"source_diversity",0.351173419939943,0.0428202313582593,0.166666666666667,0.0585289033233239,8.12011971354249
