"metric","overall_score","standard_error","ci_95_lower","ci_95_upper","mean_score","median_score","sd_score","variance_score","total_entities","score_1_count","score_0_5_count","score_0_05_count","score_0_count","score_0_95_count","score_0_75_count","min_diversity","max_diversity","mean_unique_types","median_unique_types","min_unique_types","max_unique_types","mean_range_score","mean_density_score","mean_consistency_score","range_ci_95_lower","range_ci_95_upper","density_ci_95_lower","density_ci_95_upper","consistency_ci_95_lower","consistency_ci_95_upper","tables_with_data"
"accessibility",0.78188061039791,0.000826939200619406,0.780259809564696,0.783501411231124,0.588281045620108,1,0.488833208434811,0.238957905668671,198772,116251,12,13536,68973,NA,NA,NA,NA,NA,NA,NA,NA,NA,NA,NA,NA,NA,NA,NA,NA,NA,NA
"provenance",0.921851332315654,2.78573055187694e-05,0.921796731996837,0.92190593263447,0.921738976781444,1,0.11473356536633,0.01316379102167,84889,56435,NA,NA,0,2350,26104,NA,NA,NA,NA,NA,NA,NA,NA,NA,NA,NA,NA,NA,NA,NA,NA
"standards",1,0,1,1,1,1,0,0,84889,84889,NA,NA,0,NA,NA,NA,NA,NA,NA,NA,NA,NA,NA,NA,NA,NA,NA,NA,NA,NA,NA
"concept_diversity",0.586499013513901,0.105513850912632,0.379691865725142,0.793306161302661,0.554018373258201,0.635951792797512,0.339580976556744,0.115315239639232,9,NA,NA,NA,NA,NA,NA,0,0.987956501491916,NA,NA,NA,NA,NA,NA,NA,NA,NA,NA,NA,NA,NA,NA
"source_diversity",0.351173419939943,0.0428202313582593,0.267245766477755,0.435101073402131,0.351173419939943,0.283468689426211,0.104887717495659,0.0110014332814491,6,NA,NA,NA,NA,NA,NA,NA,NA,1.33333333333333,1,1,2,NA,NA,NA,NA,NA,NA,NA,NA,NA,NA
"temporal",0.683327676172496,0.0459069775787084,0.593350000118228,0.773305352226765,NA,NA,NA,NA,5,NA,NA,NA,NA,NA,NA,NA,NA,NA,NA,NA,NA,0.952921784137699,0.543024849736408,0.554036394643383,0.881249521805615,1,0.23854631727762,0.847503382195195,0.429608007462985,0.678464781823782,"condition_occurrence, drug_exposure, procedure_occurrence, measurement, observation"
