"metric","overall_score","standard_error","ci_95_lower","ci_95_upper","mean_score","median_score","sd_score","variance_score","total_entities","score_1_count","score_0_5_count","score_0_05_count","score_0_count","score_0_95_count","score_0_75_count","min_diversity","max_diversity","mean_unique_types","median_unique_types","min_unique_types","max_unique_types","mean_range_score","mean_density_score","mean_consistency_score","range_ci_95_lower","range_ci_95_upper","density_ci_95_lower","density_ci_95_upper","consistency_ci_95_lower","consistency_ci_95_upper","tables_with_data"
"accessibility",0.78136915416409,0.000667656365345907,0.780060547688012,0.782677760640168,0.588302529182257,1,0.488992942937584,0.239114098242759,306344,179222,20,19819,107283,NA,NA,NA,NA,NA,NA,NA,NA,NA,NA,NA,NA,NA,NA,NA,NA,NA,NA
"provenance",0.921454717046015,2.27692889763448e-05,0.921410089239621,0.921499344852408,0.92132445021388,1,0.11486256985448,0.0131934099535752,130960,86753,NA,NA,0,3742,40465,NA,NA,NA,NA,NA,NA,NA,NA,NA,NA,NA,NA,NA,NA,NA,NA
"standards",1,0,1,1,1,1,0,0,130960,130960,NA,NA,0,NA,NA,NA,NA,NA,NA,NA,NA,NA,NA,NA,NA,NA,NA,NA,NA,NA,NA
"concept_diversity",0.580906669356454,0.105831093829061,0.373477725451495,0.788335613261414,0.548299944925047,0.627618534101289,0.339811950450391,0.115472161668899,9,NA,NA,NA,NA,NA,NA,0,0.99264103947274,NA,NA,NA,NA,NA,NA,NA,NA,NA,NA,NA,NA,NA,NA
"source_diversity",0.351173419939943,0.0428202313582593,0.267245766477755,0.435101073402131,0.351173419939943,0.283468689426211,0.104887717495659,0.0110014332814491,6,NA,NA,NA,NA,NA,NA,NA,NA,1.33333333333333,1,1,2,NA,NA,NA,NA,NA,NA,NA,NA,NA,NA
"temporal",0.702549219638023,0.0387417696639849,0.626615351096612,0.778483088179433,NA,NA,NA,NA,5,NA,NA,NA,NA,NA,NA,NA,NA,NA,NA,NA,NA,0.98571623688578,0.569197191184274,0.552734230844014,0.97384109811474,0.99759137565682,0.264260800797083,0.874133581571465,0.435595005506872,0.669873456181156,"condition_occurrence, drug_exposure, procedure_occurrence, measurement, observation"
